{
    "a(CH)2": {
        "Sk": 1.0,
        "Vks": 1.0,
        "epsilon": 243.88,
        "lambdaa": 6.0,
        "lambdar": 11.58,
        "mass": 0.02604,
        "sigma": 0.34820000000000007
    }
}
