{
    "CH3": {
        "epsilon": 256.7662,
        "lambdaa": 6.0,
        "lambdar": 15.04982,
        "sigma": 4.077257e-1,
        "Sk": 0.5725512,
        "Vks": 1,
        "mass": 0.01503502
    }
}
