{
    "H2O": {
        "epsilon": 266.68,
        "lambdaa": 6.0,
        "lambdar": 17.02,
        "sigma": 3.0063e-1,
        "Sk": 1.0,
        "Vks": 1,
        "mass": 0.018015,
        "Nk-H": 2,
        "Nk-e1": 2,
        "K-H-e1": 101.69e-3,
        "epsilonHB-H-e1": 1985.4
    },            
    "CH3": {
        "epsilon": 200.0, 
        "lambdaa": 6.0, 
        "lambdar": 15.05, 
        "sigma": 4.0772e-1, 
        "Sk": 0.57255, 
        "Vks": 1,
        "mass": 0.015035
    }
}
