{
    "H2O": {
        "epsilon": 266.68,
        "l_a": 6.0,
        "l_r": 17.02,
        "sigma": 3.0063e-10,
        "Sk": 1.0,
        "Vks": 1,
        "mass": 0.018015,
        "NkH": 2,
        "Nke1": 2,
        "KHe1": 101.69,
        "epsilonHe1": 1985.4
    },            
    "CH3": {
        "epsilon": 200.0, 
        "l_a": 6.0, 
        "l_r": 15.05, 
        "sigma": 4.0772e-10, 
        "Sk": 0.57255, 
        "Vks": 1,
        "mass": 0.015035
    }
}
