{
    "CH_hex": {
        "CH_hep": {
            "epsilon" : 404.665,
            "sigma" : 4.63685e-10,
            "l_r" : 21.56937
            } 
    }
}
