{
    "CH_hex": {
        "epsilon": 376.35, 
        "l_a": 6.0, 
        "l_r": 19.57, 
        "sigma": 4.508e-1, 
        "Sk": 1.0, 
        "Vks": 2,
        "mass": 0.086178
    }, 
    "CH_hep": {
        "epsilon": 436.12, 
        "l_a": 6.0, 
        "l_r": 23.81, 
        "sigma": 4.7657e-1, 
        "Sk": 1.0, 
        "Vks": 2,
        "mass": 0.100205
    } 
}
