{
    "H2S": {
        "omega": 0.0942,
        "Pc": 8963000,
        "Tc": 373.53
    },
    "acetone": {
        "omega": 0.304,
        "Pc": 4690000,
        "Tc": 508.1
    },
    "benzene": {
        "omega": 0.211,
        "Pc": 4898000,
        "Tc": 562.16
    },
    "butane": {
        "omega": 0.199,
        "Pc": 3797000,
        "Tc": 425.18
    },
    "butanol": {
        "omega": 0.595,
        "Pc": 4413000,
        "Tc": 562.93
    },
    "chloroform": {
        "omega": 0.221902,
        "Pc": 5471550,
        "Tc": 536.4
    },
    "CO2": {
        "omega": 0.228,
        "Pc": 7382000,
        "Tc": 304.13
    },
    "cyclohexane": {
        "omega": 0.208,
        "Pc": 4080000,
        "Tc": 553.8
    },
    "decane": {
        "omega": 0.484,
        "Pc": 2123000,
        "Tc": 618.45
    },
    "dodecane": {
        "omega": 0.573,
        "Pc": 1824000,
        "Tc": 658.2
    },
    "ethane": {
        "omega": 0.099,
        "Pc": 4880000,
        "Tc": 305.42
    },
    "ethanol": {
        "omega": 0.637,
        "Pc": 6384000,
        "Tc": 516.25
    },
    "hexadecane": {
        "omega": 0.717,
        "Pc": 1400000,
        "Tc": 723
    },
    "hexane": {
        "omega": 0.305,
        "Pc": 3012000,
        "Tc": 507.43
    },
    "hexanol": {
        "omega": 0.58,
        "Pc": 3510000,
        "Tc": 611.35
    },
    "methane": {
        "omega": 0.011,
        "Pc": 4604000,
        "Tc": 190.58
    },
    "methanol": {
        "omega": 0.566,
        "Pc": 8096000,
        "Tc": 512.58
    },
    "nitrogen": {
        "omega": 0.0377,
        "Pc": 3460000,
        "Tc": 126.2
    },
    "propane": {
        "omega": 0.152,
        "Pc": 4249000,
        "Tc": 369.82
    },
    "propanol": {
        "omega": 0.628,
        "Pc": 5170000,
        "Tc": 536.71
    },
    "water": {
        "omega": 0.3449,
        "Pc": 22055000,
        "Tc": 647.13
    },
    "xylene": {
        "omega": 0.106167,
        "Pc": 3511000,
        "Tc": 616.2
    }
}
