{
    "CO2m": {
        "epsilon": 353.55,
        "lambdaa": 6.66,
        "lambdar": 23.0,
        "sigma": 3.741e-1,
        "Sk": 1.0,
        "Vks": 1,
        "mass": 0.04401
    },
    "H2O353": {
        "epsilon": 479.56,
        "lambdaa": 6.0,
        "lambdar": 8.0,
        "sigma": 3.0029e-1,
        "Sk": 1.0,
        "Vks": 1,
        "mass": 0.018015},
    "CO2": {
        "epsilon": 207.891, 
        "lambdaa": 5.0550, 
        "lambdar": 26.408, 
        "sigma": 3.05e-1, 
        "Sk": 0.84680, 
        "Vks": 2,
        "mass": 0.04401,
        "Nk-H": 1,
        "Nk-a1": 1
    },
    "H2O": {
        "epsilon": 266.68, 
        "lambdaa": 6.0, 
        "lambdar": 17.020, 
        "sigma": 3.0063e-1, 
        "Sk": 1.0, 
        "Vks": 1,
        "mass": 0.018015,
        "Nk-H": 2,
        "Nk-e1": 2,
        "epsilonHB-H-e1": 1985.4,
        "K-H-e1": 101.69e-3 
    },            
    "CH3": {
        "epsilon": 256.7662, 
        "lambdaa": 6.0, 
        "lambdar": 15.04982, 
        "sigma": 4.077257e-1, 
        "Sk": 0.5725512, 
        "Vks": 1,
        "mass": 0.01503502
    }, 
    "CH4": {
        "epsilon": 170.75,
        "lambdaa": 6.0,
        "lambdar": 16.39,
        "sigma": 3.752e-1,
        "Sk": 1.0,
        "Vks": 1,
        "mass": 0.01604
    },
    "CH2": {
        "epsilon": 473.3893, 
        "lambdaa": 6.0, 
        "lambdar": 19.87107, 
        "sigma": 4.880081e-1, 
        "Sk": 0.2293202, 
        "Vks": 1,
        "mass": 0.01402708
    }, 
    "COO": {
        "epsilon": 868.92,
        "lambdaa": 6.0,
        "lambdar": 31.189,
        "sigma": 3.9939e-1,
        "Sk": 0.65264,
        "Vks": 1,
        "mass": 0.04401
    }
}
