{
    "CH3": {
        "CH2": {"epsilon" : 350.77},      
        "COO": {"epsilon" : 402.75},
        "CO2": {"epsilon":205.70},
        "CH2OH": {"epsilon":311.807745},
        "CH2OCH2": {"epsilon":311.302031},
        "H2O": {"epsilon":274.80}
    },
    "CH2": {
        "CO2": {"epsilon":276.45},
        "COO": {"epsilon" : 498.86},
        "H2O": {"epsilon":284.53},
        "CH2OH": {"epsilon":428.692807}    
    },
    "CH2OH": {
        "NCH2-2CH3": {"epsilon":2.13685009e+02,"epsilonHB-H-e1":1.95782306e+03,"K-H-e1":6.51633761e-1}, 
        "H2O": {"epsilon": 3.23408991e+02,"epsilonHB-H-e1": 1.81877007e+03,"K-H-e1":5.19735068e-2,"epsilonHB-e1-H": 2.44997810e+03 ,"K-e1-H": 5.07030453e-2},
        "CO2": {"epsilon": 302.62081202}
    },
    "CO2": {
        "H2O": {"epsilon": 226.38, "epsilonHB-H-e1":2200.0, "K-H-e1":91.419e-3},
        "NCH2-2CH3": {"epsilonHB-a1-e1":3.1791323e+03, "K-a1-e1": 6.54074502e-1}
    },
    "H2O": {
        "NCH2-2CH3": {"epsilonHB-H-e1":1.91791323e+03, "K-H-e1": 6.54074502e-1}
    }
    {"H2O353":{"CO2m":{"epsilon": 432.69}}}
}
