{
    "NCH2-2CH3": {
        "epsilon": 2.29472655e+02, 
        "l_a": 6.0, 
        "l_r": 8.00672265e+00, 
        "sigma": 8.41307826e-10, 
        "Sk": 2.00880194e-01, 
        "Vks": 1,
        "mass": 0.0570944,
        "Nke1": 1
    },  
    "NCH2-3": {
        "epsilon": 7.30837932e+02, 
        "l_a": 6.0, 
        "l_r":  2.78511763e+01, 
        "sigma": 6.40757404e-10, 
        "Sk":  3.12487741e-01, 
        "Vks": 1,
        "mass": 0.05608644,
        "Nke1": 1
    },
    "CO2": {
        "epsilon": 207.89, 
        "l_a": 5.0550, 
        "l_r": 26.408, 
        "sigma": 3.05e-10, 
        "Sk": 0.84680, 
        "Vks": 2,
        "mass": 0.04401,
         "NkH": 1,
         "Nka1": 1
    },
    "H2O": {
        "epsilon": 266.68, 
        "l_a": 6.0, 
        "l_r": 17.020, 
        "sigma": 3.0063e-10, 
        "Sk": 1.0, 
        "Vks": 1,
        "mass": 0.018015,
        "NkH": 2,
        "Nke1": 2,
        "epsilonHe1": 1985.4,
        "KHe1": 101.69e-30 
    },            
    "CH3": {
        "epsilon": 256.77, 
        "l_a": 6.0, 
        "l_r": 15.05, 
        "sigma": 4.0772e-10, 
        "Sk": 0.57255, 
        "Vks": 1,
        "mass": 0.015035
    }, 
    "CH2": {
        "epsilon": 473.39, 
        "l_a": 6.0, 
        "l_r": 19.871, 
        "sigma": 4.8801e-10, 
        "Sk": 0.22932, 
        "Vks": 1,
        "mass": 0.014027
    }, 
    "CH2OCH2": {
        "epsilon": 746.406808, 
        "l_a": 6.0, 
        "l_r": 24.5331246 ,
        "sigma": 4.80801864e-10 , 
        "Sk":  3.08938291e-01, 
        "Vks": 2,
        "mass": 0.0440526
    },  
    "CH2OH": {
        "epsilon": 442.535010, 
        "l_a": 6.0, 
        "l_r": 16.4057433, 
        "sigma": 3.53306549e-10, 
        "Sk": 0.475145150, 
        "Vks": 2,
        "mass": 0.0310337,
        "NkH": 1,
        "Nke1": 2,
        "epsilonHe1": 2439.26022,
        "KHe1": 2.67429830e-29 
    }  
}
