{
    "CO2m": {
        "epsilon": 353.55,
        "l_a": 6.66,
        "l_r": 23.0,
        "sigma": 3.741e-1,
        "Sk": 1.0,
        "Vks": 1,
        "mass": 0.04401,
        "Nk-H": 1,
        "Nk-a1": 1
    },
    "H2O353": {
        "epsilon": 479.56,
        "l_a": 6.0,
        "l_r": 8.0,
        "sigma": 3.0029e-1,
        "Sk": 1.0,
        "Vks": 1,
        "mass": 0.018015},
    "CO2": {
        "epsilon": 207.891, 
        "l_a": 5.0550, 
        "l_r": 26.408, 
        "sigma": 3.05e-1, 
        "Sk": 0.84680, 
        "Vks": 2,
        "mass": 0.04401,
        "Nk-H": 1,
        "Nk-a1": 1
    },
    "H2O": {
        "epsilon": 266.68, 
        "l_a": 6.0, 
        "l_r": 17.020, 
        "sigma": 3.0063e-1, 
        "Sk": 1.0, 
        "Vks": 1,
        "mass": 0.018015,
        "Nk-H": 2,
        "Nk-e1": 2,
        "epsilonHB-H-e1": 1985.4,
        "K-H-e1": 101.69e-3 
    },            
    "CH3": {
        "epsilon": 256.7662, 
        "l_a": 6.0, 
        "l_r": 15.04982, 
        "sigma": 4.077257e-1, 
        "Sk": 0.5725512, 
        "Vks": 1,
        "mass": 0.01503502
    }, 
    "CH2": {
        "epsilon": 473.3893, 
        "l_a": 6.0, 
        "l_r": 19.87107, 
        "sigma": 4.880081e-1, 
        "Sk": 0.2293202, 
        "Vks": 1,
        "mass": 0.01402708
    }, 
    "COO": {
        "epsilon": 868.92,
        "l_a": 6.0,
        "l_r": 31.189,
        "sigma": 3.9939e-1,
        "Sk": 0.65264,
        "Vks": 1,
        "mass": 0.04401
    },
    "CH2OCH2": {
        "epsilon": 746.406808, 
        "l_a": 6.0, 
        "l_r": 24.5331246 ,
        "sigma": 4.80801864e-1 , 
        "Sk":  3.08938291e-01, 
        "Vks": 2,
        "mass": 0.0440526
    },  
    "CH2OH": {
        "epsilon": 442.535010, 
        "l_a": 6.0, 
        "l_r": 16.4057433, 
        "sigma": 3.53306549e-1, 
        "Sk": 0.475145150, 
        "Vks": 2,
        "mass": 0.0310337,
        "Nk-H": 1,
        "Nk-e1": 2,
        "epsilonHB-H-e1": 2439.26022,
        "K-H-e1": 2.67429830e-2 
    }  
}
