{
    "NCH2-2CH3": {
        "epsilon": 2.29472655e+02, 
        "l_a": 6.0, 
        "l_r": 8.00672265e+00, 
        "sigma": 8.41307826e-1, 
        "Sk": 2.00880194e-01, 
        "Vks": 1,
        "mass": 0.0570944,
        "Nk-e1": 1
    },  
    "NCH2-3": {
        "epsilon": 7.30837932e+02, 
        "l_a": 6.0, 
        "l_r":  2.78511763e+01, 
        "sigma": 6.40757404e-1, 
        "Sk":  3.12487741e-01, 
        "Vks": 1,
        "mass": 0.05608644,
        "Nk-e1": 1
    },
    "CO2": {
        "epsilon": 207.891, 
        "l_a": 5.0550, 
        "l_r": 26.408, 
        "sigma": 3.05e-1, 
        "Sk": 0.84680, 
        "Vks": 2,
        "mass": 0.04401,
        "Nk-H": 1,
        "Nk-a1": 1
    },
    "H2O": {
        "epsilon": 266.68, 
        "l_a": 6.0, 
        "l_r": 17.020, 
        "sigma": 3.0063e-1, 
        "Sk": 1.0, 
        "Vks": 1,
        "mass": 0.018015,
        "Nk-H": 2,
        "Nk-e1": 2,
        "epsilonHB-H-e1": 1985.4,
        "K-H-e1": 101.69e-3 
    },            
    "CH3": {
        "epsilon": 256.7662, 
        "l_a": 6.0, 
        "l_r": 15.04982, 
        "sigma": 4.077257e-1, 
        "Sk": 0.5725512, 
        "Vks": 1,
        "mass": 0.01503502
    }, 
    "CH2": {
        "epsilon": 473.3893, 
        "l_a": 6.0, 
        "l_r": 19.87107, 
        "sigma": 4.880081e-1, 
        "Sk": 0.2293202, 
        "Vks": 1,
        "mass": 0.01402708
    }, 
    "CH2OCH2": {
        "epsilon": 746.406808, 
        "l_a": 6.0, 
        "l_r": 24.5331246 ,
        "sigma": 4.80801864e-1 , 
        "Sk":  3.08938291e-01, 
        "Vks": 2,
        "mass": 0.0440526
    },  
    "CH2OH": {
        "epsilon": 442.535010, 
        "l_a": 6.0, 
        "l_r": 16.4057433, 
        "sigma": 3.53306549e-1, 
        "Sk": 0.475145150, 
        "Vks": 2,
        "mass": 0.0310337,
        "Nk-H": 1,
        "Nk-e1": 2,
        "epsilonHB-H-e1": 2439.26022,
        "K-H-e1": 2.67429830e-2 
    }  
}
