{
    "CH3OH": {
        "epsilon": 3.75010279e+02, 
        "l_a": 6.0, 
        "l_r": 1.63524344e+01, 
        "sigma": 3.46310108e-10, 
        "Sk": 1.0, 
        "Vks": 2,
        "mass": 0.0310337
    } 
}
