{
    "CH3OH": {
        "epsilon": 424.10, 
        "lambdaa": 6.0, 
        "lambdar": 20.256, 
        "sigma": 3.13542144e-1, 
        "Sk": 1.0, 
        "Vks": 2,
        "mass": 0.0310337
    } 
}
