{
    "cCH2": {
        "epsilon":477.36,
        "l_a":6.0,
        "l_r":20.386,
        "sigma":4.785199999999999e-10,
        "Sk":0.24751,
        "Vks":1.0,
        "mass":0.014029999999999999
    },
    "c(CH2)3": {
        "epsilon":345.94,
        "l_a":6.0,
        "l_r":14.05,
        "sigma":4.234e-10,
        "Sk":1.0,
        "Vks":1.0,
        "mass":0.03905
    },
    "CH3coo": {
        "epsilon":256.77,
        "l_a":6.0,
        "l_r":15.05,
        "sigma":4.0773000000000005e-10,
        "Sk":0.57255,
        "Vks":1.0,
        "mass":0.01503
    },
    "COO": {
        "epsilon":868.92,
        "l_a":6.0,
        "l_r":31.189,
        "sigma":3.9939e-10,
        "Sk":0.652564,
        "Vks":1.0,
        "mass":0.04401
    },
    "CH2coo": {
        "epsilon":473.39,
        "l_a":6.0,
        "l_r":19.871,
        "sigma":4.880100000000001e-10,
        "Sk":0.22932,
        "Vks":1.0,
        "mass":0.014029999999999999
    },
    "CH2": {
        "epsilon":473.39,
        "l_a":6.0,
        "l_r":19.871,
        "sigma":4.880100000000001e-10,
        "Sk":0.22932,
        "Vks":1.0,
        "mass":0.014029999999999999
    },
    "CH3": {
        "epsilon":256.77,
        "l_a":6.0,
        "l_r":15.05,
        "sigma":4.0773000000000005e-10,
        "Sk":0.57255,
        "Vks":1.0,
        "mass":0.01503
    }
}
