# Yaws through knovel, liquid density at atmospheric
# T, rhol
200.0, 10813.35657
300.0, 10069.23186
400.0, 9264.823624
500.0, 8350.209579
600.0, 7242.499882
700.0, 5573.399896
