{
    "CO2": {
        "epsilon": 207.89, 
        "l_a": 5.0550, 
        "l_r": 26.408, 
        "sigma": 3.05e-1, 
        "Sk": 0.84680, 
        "Vks": 2,
        "mass": 0.04401
    },            
    "CH3": {
        "epsilon": 256.77, 
        "l_a": 6.0, 
        "l_r": 15.05, 
        "sigma": 4.0772e-1, 
        "Sk": 0.57255, 
        "Vks": 1,
        "mass": 0.015035
    }, 
    "CH2OH": {
        "epsilon": 3.75010279e+02, 
        "l_a": 6.0, 
        "l_r": 1.63524344e+01, 
        "sigma": 3.46310108e-1, 
        "Sk": 5.67006104e-01, 
        "Vks": 2,
        "mass": 0.0310337,
        "NkH": 1,
        "Nke1": 2,
        "epsilonHe1": 2.24805331e+03,
        "KHe1": 3.38731459e-2 
    } 
}
